index,feature_0,feature_1,feature_2,feature_3,feature_4,feature_5,feature_6,feature_7,feature_8,feature_9,feature_10,feature_11,target_0,target_1,target_2,target_3
0,-0.08310557262869477,-1.4063174636718339,0.08243975293450329,0.7600559636896026,-1.5047203740310022,-0.6117690909052854,-0.03703679704841202,-0.692420979873856,-0.30920907704986345,-0.7521564055905832,-0.42930222451725997,-1.4575514994649306,-192.652566633069,-183.51790574354663,-141.22645990394784,-361.07841654165844
1,-0.25083301645504735,-0.32267983884213575,0.45588777208160763,0.5562300094006599,1.328194141849058,0.9960476858058164,-0.7567950885694608,1.5013336519554867,-0.643518230380143,0.9278401280812372,-1.4218106667418438,2.165002344901084,86.07020027521224,207.87892354910852,92.58036167812647,29.199264985666066
2,-0.40122047188583626,0.6901439917111125,0.09767609854883172,0.01259240078179486,0.22409248181041677,0.5193465142411723,1.5327389130025777,0.40171172209894146,0.024510174258942714,0.49799829124544975,-0.1087601484568576,-0.7730097838554665,80.94044783391588,77.46190631298262,164.05559222809052,194.0651604016914
3,2.463242112485286,0.06023020994102644,-0.03471176970524331,0.30154734233361247,-0.19236096478112252,0.25755039072276437,-0.07444591576616721,-0.026513875449216878,1.1428228145150205,0.7519330326867741,-1.9187712152990415,-1.168678037619532,130.29774055582513,-20.560310088958374,42.86172176943672,60.168690722964634
4,-0.07783719701280203,0.883109777147159,0.29875290836568624,3.193107567844861,-0.18047991359062565,0.3230792731160291,-0.2523535021262876,-1.563190808696657,-0.4263575962055433,1.1484457091967548,-0.2918112689155441,-0.7517910500951843,184.70903885302818,111.03201393957951,54.66981252058024,-45.072318017310096
5,-0.9224101844985025,-0.3917581490438219,1.2171585208254965,-0.3223204692113399,1.6153756894694418,0.840620026504553,0.5467335682013793,-0.36682441181468756,0.9983108981479604,-0.4316203127180484,-0.23893209916969432,1.5213160519224513,39.09146662929459,80.6432737515819,-5.294935248232317,41.9891848923035
6,0.4714155563864041,-0.8323555731042287,0.2029230208512997,0.6329318177555108,-0.5522230442809712,-0.6373871273065177,1.1890165311075518,-0.5707462937494763,1.5475052013300616,1.7958776730955217,1.4205042479898549,-1.515744114997232,96.9637285001078,-17.845825489964895,0.42061784215738957,56.748205248896866
7,0.12200981464536144,-0.5756378262377739,1.1492733262856758,-0.09605989972464987,2.5600845382687947,0.4933179008808892,0.1848361236948739,0.7003098794089914,-0.0349884904969617,1.77080063563551,-0.8583577801812136,-0.7031764251258874,172.54193600857957,235.0969579309974,78.43011370990139,130.29930589677724
8,0.2773769379581917,0.05993263026632825,-3.0195121558208253,-1.308820399119112,1.360658595838651,-0.26451484131061076,-2.0038623644067535,-1.2392583948534726,1.8005111815108537,1.2389463529394373,0.6354180302092264,0.18384954475369486,-28.838783027525167,-51.57787949737954,-226.62089923470603,-55.08304670091631
9,0.015579047581467534,-0.1730718242838696,1.5945050632249722,-1.4400508825942944,-1.0962750868952018,-0.29756350335999193,1.3757068133116195,0.12557645347154225,-0.9913923494563072,-2.153390113603715,-0.15005558703252672,-0.8469613483183278,-169.29691039394226,-184.41503490020688,-2.2840343469440296,-29.485817255850577
10,0.04059169120388238,0.04886007032570433,-1.4026052717996935,-0.6629009175509482,-0.7019916878067554,0.12522450264790727,-0.429405541125253,0.5432980290363879,-1.243863235391285,-0.6929051977959073,0.12229750303228377,1.7495767431869393,-76.45574151108713,-68.30644488950192,-23.93332157988888,-4.124169317342836
11,-1.0150941918278686,1.5805406865683735,-0.23401985910698136,-1.2575778589146163,-0.8108575112103382,-1.111457956937032,0.24650477843200488,1.1401490385212665,0.9873345165891019,-0.07595102364252276,0.49822174849678513,0.4663583744463345,-193.39028929348146,-40.91697927950786,98.67358720260314,18.665091573935683
12,0.37405656984757213,-1.9937356425714554,1.6725723868377034,-1.2096410186912054,1.2276689924732922,0.2337859117907477,-1.5558956462036273,0.8335289616089246,-0.7050118557584089,-0.05576907765770601,0.33088023221445706,0.4190190093660452,-11.135593266200818,28.716903064306855,-169.9013315809835,-59.078198357794875
13,-0.2595466775839172,0.5131057981760827,-0.9354387020445953,0.6153674840130534,0.738810480887503,0.33198033056901455,0.1904996797790664,-0.43548637056984335,-0.535963445114048,0.8080577982811451,0.7094518171390395,1.0859821161750323,149.8303357687386,112.09004124049459,50.955490236223966,149.64243292529082
14,-0.4532280493272752,-0.17018462252492844,0.08840688629184736,0.9553052085705107,0.6963874474567153,0.7783610761666377,-0.5511857163285334,-0.0033744574109520514,-1.141689114133505,-0.19365945927971812,-0.8181988834223072,1.4775300810552618,47.491060235795125,95.85868982320652,7.3032123659723736,-54.65113233664703
15,-1.4643748802098202,-1.2257656630023412,1.6839276914578687,1.0470983026121545,0.22445181855997204,0.39922312260527926,0.647195939702741,1.5739867632900328,1.0786808334312956,-0.03850846950070721,-0.483186462299374,-0.45888426286894,-35.550057613945754,144.81160436983603,103.63265506488632,-101.97593082374989
16,0.9375701376265584,0.6592456684324051,-0.7691423497872982,-0.7627247785662142,-1.6075598643689741,-1.8936146669537857,0.21329370737293857,-0.8170886310681906,0.8294748419317485,-0.19382613877280352,0.0012054753622242368,-0.9399031011088647,-190.87549972137018,-233.8373656692187,-69.0593404126102,-166.5470658111595
17,0.45353430151397983,1.613711269058647,1.1894704889246406,0.9640871682883573,-0.24415663529064868,-0.06413834659299254,0.3287624103034804,0.42192075423528475,0.597400069849858,0.7011727423108983,0.32135721545027307,-1.2276078151369925,180.37285627812398,132.2093256162921,187.37971047501884,240.8976616322388
18,0.18455130319703697,-0.5642475986573886,2.061503576636398,2.006092888159123,1.5421099525678756,-1.5256563145700948,1.262584103427182,2.5581992856682523,1.0240625258114624,0.5925269492011831,-0.5518581458924467,1.2083662305931424,227.88966194934278,417.32609088470105,326.30035644788586,98.64986637844859
19,0.117327383308782,-0.020901593964148132,0.5470973811700379,-0.5915713888358299,1.277664895788425,-0.8289950109220723,-0.5601810401969696,0.6103702654334648,-0.2176812032272203,1.09877685198719,0.7472936051232618,-0.20219265243389406,60.16208779542216,122.96591837536488,6.748527713813034,78.97701960325973
20,-0.6516003476058171,0.045571839903813784,-2.025142586657607,0.6339190223180112,2.1439440893253257,-0.7153037092599682,0.6795977489346758,0.21645858958197486,-0.661786464768388,0.852433334796224,-0.7303666317171367,0.18645431476942764,77.1839711335276,222.6106345852028,111.44825036450516,-13.611046593994473
21,0.787084603742452,-0.9746816702273214,0.9633761292443218,-0.8206823183517105,1.158595579007404,1.8657745111447566,0.4738329209117875,0.6565536086338297,0.82206015999449,1.8967929826539474,-1.1913034972026486,0.4127809269364983,137.73837724412493,59.65424460062561,30.994130210256362,188.90828057875135
22,0.29698467323318606,0.5219415656168976,-0.6800247215784908,0.3464482094969757,0.25049285034587654,0.25988279424842353,0.7818228717773104,-1.3204566130842763,0.29307247329868125,-0.7143514180263678,-1.236950710878082,0.23225369716100355,12.773193038257478,-50.16848078439748,8.631547666565938,-37.9180278772068
23,0.6713400764504657,-0.1601327955666404,-0.31905393566661816,-0.7519693317388191,0.21319662823768915,0.31917451041918043,1.3404504460231446,0.11502607914741717,1.0760071385985983,0.02131164867194222,-1.8751724696457446,-0.796025856803489,-38.07650482082644,-57.11677153362845,62.45790711120192,0.9480668849237411
24,1.3920022863445993,0.17989415115347845,-0.9896281365703375,-1.570500603623177,0.918316606002313,-1.6929568141953855,-0.09833962679474989,-1.103589317215771,-0.9824873935383096,-0.2246331499970246,-0.9885911071509175,0.9407711879882159,-101.97780603380103,-121.08418847662625,-111.35198318263934,-131.2958347197058
25,1.1210306673244714,-0.8224199323822006,-0.32789471651291785,-0.009300321138614417,0.00020706491819709385,-0.6947131310890582,-0.409282438113104,0.152354872033722,0.8250982646676347,-0.8671302157109003,-0.5240883979345925,0.15519068385897913,-4.507171034821575,-23.868017891064255,-51.9668858522551,-98.22679570587594
26,-0.33381948975600995,0.6969544045107356,-0.10730214400422888,0.3696421921980939,1.1731246375866413,-0.25879606266710237,1.598647170504717,-0.29548031802916036,-1.5708761520684993,-1.1267674689098053,0.5609194479412387,0.4477169258102776,163.39315745184388,151.8347344609633,149.12270054070635,209.50803283298822
27,0.04643654815614881,0.19109906801990334,0.6454841811410754,0.7462535660272207,-1.3598561409799192,0.3686733088729012,-0.3933388123273607,1.2784518626072987,-0.30777823495300083,0.21915032766393897,0.028744822934817487,2.16325472330546,7.041008264211676,22.763573304772372,84.65017828696598,33.48999885166558
28,0.38115838488277776,0.7533416211045325,-0.13845598398377382,0.6731813512699584,1.2897527540827456,0.24075317948856828,2.601683114180395,-1.7607627591558177,-0.20902325728602528,-0.8505204542093001,0.5655096456315442,-1.2242982362893657,286.22807055333624,106.02360204315333,138.6427582278008,310.4005902631061
29,-0.1599385299634271,0.8576596232020194,-0.01851313599238993,-1.0025293646378088,-0.01901620790268883,-0.718444221252436,-0.21344715171184725,1.475356216949552,0.3227185603380895,-0.827230943552323,0.3109075655980046,-0.2886586389201383,-52.532416344052386,52.2506572837204,93.98573600093879,94.84562843545483
30,1.4437646040732595,-1.251539424190444,0.34272534637770413,1.1172958315881276,-0.0821511783925688,-0.045586016355497805,0.24333944932269183,0.3520553965142968,0.5697672802322039,0.44770856001731496,-0.24123605785632987,0.4567532191537839,167.4828482873304,69.33486281090377,30.236356659886287,33.93003719994299
31,0.543360192379935,-1.6694052811213718,-0.7632591565425169,0.5705986685931593,-0.6626237589458467,0.5009171876243808,-0.977555244798551,0.751387123371789,-1.6275424378831627,0.048084946661381994,0.09933230542922587,-1.804882100664519,16.876110245011386,-10.8967389638883,-83.02857515372827,-89.19545736286378
32,1.2358116200069387,-1.1165244399486591,0.1600182258527877,-0.5482872964906009,-0.15589817793666752,-0.6292633936927887,1.5337277099164992,-1.7073579575929467,1.1173988159024608,1.4484992298929262,-0.5358014630522978,0.501782736167545,-37.83523824607598,-188.7087737765428,-107.47038683509405,-110.02913428778304
33,1.0807807255546218,0.5597904479310398,-0.07016571145864703,0.4591800792284367,0.8339221545489041,0.17770100093325383,-1.3353443587101013,0.6105857452838231,0.42961821913258585,0.20768768716311115,0.3801978510059632,-1.6609609335159914,224.4569727122128,172.00358768782897,50.90033937119693,207.85962889100148
34,0.4676931717654332,0.25373966149457344,0.3080505395041023,0.09798315347089544,1.0857863249393471,-0.46531045678005334,-0.10594835430413566,-1.5029703283951532,0.26912694124510733,-0.3431922754974105,2.6443433470170348,-0.3916485674217911,241.60060958411069,78.91830450296865,-63.66513588238258,242.73378426682922
35,1.3800913541474515,1.4765403497258958,0.4940301862827388,0.39580353343740904,-0.6255627015095294,-0.17262729994081963,0.8836599374866724,-1.5763921569842494,-0.5503051538454201,-0.6716233679380516,0.6523228784134196,0.2606737658239071,177.13923915176477,-55.99160010098999,54.31825956901007,227.5911554324952
36,0.3336621052869483,0.47897982574639186,-0.26987493529337125,-0.510016398854747,1.0375399442578992,0.8303358165442456,-0.8560838259088672,-0.4776574467651167,-0.4442932600761116,0.3773004930448522,0.07156623721939247,-0.9787637157823074,104.56433958329117,41.5789256426318,-44.65113178696009,136.5650267768539
37,1.1876793884615637,-1.1790397911598025,0.28328787154614216,0.2011596558728393,-0.4646172972983931,0.40373009033660945,-0.024195606390916165,0.324359281721603,0.5866938014752747,-0.47490365662252443,-0.9037018607301281,-0.25890497370407733,28.615770587758117,-46.08192592903135,-30.126337262864343,-47.421915596552566
38,0.9262154022415924,1.42274813609994,0.08865759096143744,1.2361307218062179,0.9653974845911707,0.26536234939962844,-0.5827586576115821,-0.13427916218630415,-0.6176518954343502,-0.31607285602704976,-2.438817158276429,0.1973157074055956,127.14766364626708,140.0794211982427,123.3106723497351,14.717709325565634
39,0.7789365035121141,0.4395012306202264,-0.005596018829046555,1.6744924333475373,0.4577728661518858,0.8389405004696122,-0.6172531865469232,-1.100154232971695,-1.0917008761393143,-0.387099702474401,-0.5583017539460305,0.6687416555925126,207.10170161968716,85.94222026546096,6.7294054149554,61.466541491554786
40,-0.372833152091767,0.7223813578277714,0.22468472575188592,-0.39963618561460235,1.7269638512334051,-0.12094814860778157,0.41953244390702776,-0.43745830032341043,-1.4183657329330317,-1.7608088119807759,-0.8874921778021001,0.9325908318730899,23.124983887502275,90.57148263222119,48.04914608816562,30.52811649497129
41,1.0725073373098022,0.538296079049633,-1.0448091940210336,-0.8392096673390064,-0.3649527295428853,0.0570131248970845,0.26859227886325693,0.5078357562896237,2.056207129940322,-1.1032083657216831,1.5284684264125317,-1.9663565893760018,155.95088818811118,14.76505266265898,61.845726547975396,325.86218022856013
42,-0.5769036556624031,0.9504238381860503,-1.3202332070206422,0.4919191715065057,-0.898414671348358,-0.759132661553698,0.15039378647620763,1.8761708392158862,1.179440120721287,-0.4691756521047048,0.34175597577715944,1.8314587658543537,-28.677096260519242,105.29600886588163,186.1083617207042,60.36277662408018
43,-0.9745293046706415,-0.13263374638257355,-2.172669546014036,-0.12038116395359824,1.1070806692869728,0.40981865692851255,-0.24125765461854246,1.8998819348952156,-0.5353281859539227,-0.09053328230416077,0.6725737012027313,0.8474216771504216,85.53706307575541,223.00613729309865,118.4168749252296,166.0542002084523
44,-0.9716140385106515,-1.3471262895296965,-1.0469109826819396,-0.6568942789713957,1.2004139079444254,2.013387247526623,0.13653533108273744,0.1846803058649084,1.185704154662997,0.7189533106650667,-0.3653215513121087,0.5366527525272862,14.755534048384677,33.98168963329985,-62.148759087379005,37.14231433364416
45,-0.7677975651041284,-1.0041407667520679,1.5505004928140769,0.23421473253652075,-0.03468488738678118,-0.42018681709585726,-0.2817846088605072,-0.9186519464841982,0.9843223984765838,-0.21398884422550896,-1.344450511034277,-0.998354040738791,-234.22107261398787,-126.36978122110469,-150.04765257349607,-404.5132801728186
46,0.23836898273478513,-0.9273531341905741,0.1895816165987434,0.5010941699398452,0.9751976297824297,-0.1044492185374715,-0.16882172319001063,1.1618783026081905,-2.703232292999237,0.6778753195309076,0.07005216311318138,1.0010460925671412,122.87984492643197,175.63452981923544,59.783614201285054,57.4440882963559
47,1.0941915184709485,0.055724912288694604,-0.15800789857898942,1.5295503194606137,-1.6924646297148194,1.593186626639397,-0.5112156764311852,-0.12578692009964815,-1.0121043752601675,-1.6548566718657693,-0.9896048202585809,-0.42688106994742003,101.56176650347933,-59.72634467370563,19.43965684402736,27.6325366708789
48,0.31978193414253697,-0.6013676439512137,-0.019637798926681216,0.440474737960399,-1.5929937335316693,0.5500520990245519,-0.9683444548636353,-1.3340254949182044,0.22391413406466143,1.3641404299738442,0.1053755061459599,0.5524899544171478,-97.20949384686732,-215.6661795091091,-193.24955257626794,-194.0622812270023
49,0.18474057889572446,-1.6076610271180587,-0.19003903500149447,0.006799844559997769,2.0236062192296393,-0.31984752325484395,0.15175799224874037,2.0895387216947734,-0.18039168176240783,1.3728484746765302,-0.835142901630023,-0.3574454228104272,100.17769500521703,255.3805077811859,101.12246154659238,23.033174186763162
50,-1.1196174332890112,-0.4888494217862741,0.32316771418478146,-1.7684393655628516,0.14088624691120394,-0.372206776071053,1.088748619704186,1.543243528272189,-0.46603650186824225,-1.5947030672667954,1.884586305934609,-0.14760258629866868,-64.07499081633203,28.936674163263735,58.429362210264074,165.93396264566394
51,-0.9539394193966448,0.014273067836434106,0.10589445311523424,0.6863184569567008,-0.4070363129267805,-1.9701038177118355,0.8925973382993092,0.7307641190665245,1.9764405845154855,-1.5642416117110514,-1.2111719292807812,0.5844129804724842,-224.32261981808495,11.087157229164037,94.23527971559474,-315.82255788024327
52,0.0341524174880246,-0.6757080791616118,0.6793732829565033,-1.0858251288851855,-1.0872459388628026,-0.5041798310076715,-0.08152267310164589,-0.4872285641135523,0.6663125009092119,0.4625912928539512,0.34767648353833636,-1.148794035158656,-196.65607597145828,-216.0805977811391,-148.80344637697632,-170.07591040790942
53,-1.2110161997624567,-0.06607979864731657,-0.8604133652839524,0.047398671316414016,-0.6518361078021592,0.25972250172148187,-0.9043166251044086,-1.6615200622689599,1.0062928092144405,-0.5768918695231487,0.6385924587773739,-0.38455554422982535,-172.8854293101728,-170.52332170575477,-202.62565280025362,-229.77602921725
54,-0.82688035403986,-0.877982586756561,0.9135846262332494,0.3673655068161781,-0.22647889190152676,0.7660802783846903,1.2269332238843076,-0.20367375017696587,1.4926885689595217,-0.2711236010425688,-0.10015407647995278,-0.8031789506803448,-25.56581706784862,-26.82567515427442,9.873722575885795,-39.587173109389504
55,0.6621306745210467,0.11351734525124804,2.1330333746562666,-1.237815498826849,1.586016816145352,0.19905969557347003,-0.6002168771587947,-0.3853135968617602,-0.15178509503558332,0.5883172064845765,0.06980208499001891,-1.9520877995225019,85.29730345571645,37.773407958621824,-62.920559286420676,128.41021977063465
56,0.725766623898692,0.10939479460489289,-0.7904744554453119,0.22388402427913137,0.4810092317367132,0.2799686263198203,-1.1254890472983765,0.1292211819752275,1.8820244964750337,1.3454200461549777,2.4457519796168263,0.4714683571359957,268.5496973592544,134.28011904656566,-15.819049908859306,306.9958210220503
57,0.2992925804064919,0.742095372009307,0.032004149065766624,1.5615111967268527,1.301741289398798,0.6779258713392691,-0.48791140814570266,-0.6057149230033384,0.4599721429391164,-0.6777153697521061,2.1573082132655035,-0.7534178703461835,408.039797473823,261.8963160371905,75.45161684214098,376.7456248538315
58,0.9216501119244593,-0.1891203907770335,-1.4511756900515589,1.5111549302473475,-0.12754912037753421,1.617212574968624,0.10435593752321293,-1.3303136257389898,-1.252393444413119,0.3636318826249679,-0.8987840483231282,-0.01208894784605456,186.9567718682274,-4.409615049294714,-14.82705812401009,58.01313900585388
59,0.8496020970210246,-0.5893647569442115,0.8995998754332507,-0.6929095952606542,0.35701548596504734,0.28099186773503265,-0.6226995198205938,-0.4930009346588328,0.8128621188389601,0.6296288419236122,-0.20812225035727522,0.30729952087660933,12.28940244546776,-65.04437334500108,-113.44715946555112,-13.12653528860845
60,0.13074057728609134,-0.44004448669698376,1.1631637521549596,-1.4358621511794394,1.4412732890661155,-0.2525681513931603,-1.2477831819648495,-1.4301413779606327,-0.9815086510479509,0.46210347426327075,1.6324113039316352,0.010233061019587049,21.72921780975503,-47.39849992744299,-228.92403510832426,25.15891225467865
61,-0.1903386780836082,-1.0372461543264564,0.9261775475316414,-1.382799730964336,-0.8756182533847572,0.0773683076476183,-0.8612842013282637,0.5389100436846587,-1.3985675738191412,0.5629692366905709,1.5231240772696573,1.9094166404701305,-120.56087547785482,-131.67118064687563,-149.7494364268846,-27.891474966838974
62,-2.152890592952483,-1.1033666061738736,-0.006070911539893324,2.4929995174327906,0.3885786045309641,-0.7859894605079495,-1.331232953557778,0.5079913269125437,0.08182935854756501,-0.09888965319114267,-1.8362053731032966,0.8384907744516419,-228.2875525328334,118.08517421479175,-42.21759069617274,-576.295040730425
63,0.23070090571868349,0.020886488295961788,-0.375196380323937,-0.6163614080394775,-1.2601647651725802,-0.10325476014904739,-1.6431888111541673,1.6614701657280182,1.2816437950037687,0.5576910607251245,-0.17585440443207118,-0.31771509675623405,-138.33876987010987,-58.48758648470518,-27.94777282037833,-79.31073712816362
64,0.5054701591666269,0.47635776935621926,0.39241596717876703,2.7596600389110777,1.0602099074988798,0.20965941527462578,-0.49163618563204736,-0.9735461997044687,-0.025574312191994436,-1.7690759048891183,0.8071225966373103,-0.5089636257074988,360.2956619202934,252.42668277632006,74.97523815051615,163.34382383626138
65,-0.3220615162056756,-0.7832532923362371,0.22745993460412942,-1.2308643164339552,0.8135172173696698,-1.0623037137261049,0.4735924306351816,1.5499344050175394,-1.6074832345612275,0.1846338585323042,-0.9194242342338032,1.307142754282428,-152.16505211007316,39.85271629385817,42.922284288180855,-118.0705362523594
66,-1.2829922241885696,0.07682189106025536,-1.556581898659751,-0.4937565831613125,0.99626681944714,-0.46770120131189136,0.3465038817307158,0.47704082722312147,1.5007597906343109,0.8502217421134929,-0.04692057887918407,-0.4281151609659125,-89.30719824691212,73.46811926267893,35.62217106867816,-55.09288894095896
67,0.9246336829127688,1.3993554365860021,0.6982233136135899,-0.6469367777055739,0.05963036992017413,1.7976865268495226,0.6408428612670098,0.5725827813561586,0.8951932200277323,0.6351718016819695,-0.5711789897827968,0.3934853854217496,195.2489289083313,52.16799609935671,164.32871126605173,401.869385368841
68,1.277676821898509,-1.5341141707356223,1.551151975522523,-0.7484865365565536,0.33231401197959165,0.12029563171189886,0.514438834058749,-1.1246420918378692,1.1792971840638264,0.06751848141010895,0.7116148780888898,0.11567463429285867,85.44251490712942,-100.95798127516044,-142.39173638615378,49.807866961666214
69,0.19473619471877485,0.655900776529761,1.1241127199860135,-0.38851845308888583,-0.018708756445897416,-0.194908280352681,1.1337700968670645,-2.9403886346642802,-0.7728776678236091,0.4070522871245351,0.5935567222808619,0.9475264621228578,-2.997894744102822,-182.2002680123542,-114.45540652882426,3.5839497537379352
70,0.6815006973726244,-0.03955515385665504,0.9382838059759977,0.02975613949574519,0.028318376130461172,0.27157883719537346,-1.2767485758203094,1.0531528533329035,0.09612077694098337,-0.4622752887050425,-1.0810565404082624,-0.5160447282173739,2.2071131135048216,43.29359847671663,8.330953855695427,-31.198395898452052
71,0.4924512640081491,0.1664522082130561,-0.637739984251316,2.4553001399108942,0.2891686439078181,-0.04946370965243295,0.6748194921666038,0.3824097461840506,-0.6231405264247644,-0.5554771191602547,-1.1227220215622986,-0.5309969550018176,199.14081738613837,203.91127544469919,189.02240285411384,34.07287897889058
72,-0.3345012358409484,-1.2002964070557762,1.7654542402810969,-0.6533292325737119,-0.4749453111609562,-0.7925207384327007,-0.11473644146689901,0.8657551941701215,-1.2608839543350452,0.9178619470547761,0.5049872789804571,0.40498171096095553,-146.79606149911274,-57.579560460887876,-64.1300947201534,-145.48563101383297
73,0.6116762888408679,-0.6769220003059587,-0.8392175232226385,0.9312801191161986,1.030999522495951,0.3436182895684614,-1.763040155362734,-0.38508228041631654,0.33126343140356396,0.9755451271223592,0.324083969394795,-0.3092123758512146,157.6446239692669,111.54786658345088,-101.82333750324915,-8.301716589364547
74,0.2436872114919123,-0.8222203955664315,-0.4710383056183228,-0.5069431753711298,0.24496657110872277,-0.8254971967925115,-0.32138584165299344,-0.5637245528039747,-1.4480843414973241,-1.4074637743765552,0.41293145427562433,0.2320499373576363,-66.90757613133216,-68.93763568478866,-125.79802323569214,-127.69868369403706
75,-0.3570292008066094,-1.5178737466808094,0.5006657213812097,0.5752050161065663,0.8903831635197862,0.6955377575657775,0.849102110743144,-0.07159925185806683,0.007063158628176452,-0.6603211394734471,-0.29396694766418224,0.04977368718096008,70.98120384461052,73.28113157480361,-4.108667669542734,-25.595689990597506
76,0.9920423495365228,-0.6680904536430488,0.5365098435704035,-0.7557451594928447,-0.17495975669540864,0.9190764829877686,-0.29027454418865134,0.3216978061960136,0.028181157369128247,-0.009118996644203544,0.26739231407190295,-0.8984679817910373,79.40123844910744,-41.15306899776588,-46.266966731956586,139.18267405608006
77,0.14338846734225108,-0.36927713924620315,-1.0293715081820716,0.40865281148067084,-1.77623523289832,0.6835693232004776,-1.3659557112005343,0.26125053123385605,-1.5223591862178911,1.1126883749899252,1.2119439853864005,-1.3526702858435344,-14.349672790861524,-94.78492030858102,-95.53164878706859,-9.436814330368437
78,-0.0657502610729878,1.5655240292343404,-1.448013900416244,1.8811570694405901,-0.5551995266931984,1.1950466289248425,-1.5231869047837747,0.37721187506452086,0.4400144500533324,-0.5020542243526112,-0.5589218472715883,-2.198805956620082,133.83672363557307,126.39110262985841,101.67524915639673,87.43050113157925
79,-0.2916937497932768,-0.600638689918805,-0.013497224737933921,1.8522781845089378,-0.6017066122293969,-0.5443827245251827,0.11092258970986608,0.37569801834567196,0.822544912103189,-1.2208436499710222,-1.1509935774223028,-1.0577109289559004,-55.637140307447474,44.92399621936393,50.3328148892667,-245.1132432639507
80,-1.1065259087416703,-0.26888869055483056,0.013929291912946203,0.05921843401448826,2.5733598032498604,-0.23093453020867796,0.6962063648134184,1.1265650295477574,0.19808476076785494,-0.14436041192394247,1.8489560949453452,-0.024125087110003277,235.44472181297095,342.4776332018142,143.71959462486743,292.06789021934924
81,-0.23413695694918055,-0.23415337472333597,-0.4694743859349521,0.7674347291529088,1.5792128155073915,0.4967141530112327,-0.13826430117118466,1.5230298564080254,-0.46341769281246226,-0.46572975357025687,0.6476885381006925,0.5425600435859647,246.71682454189028,305.6410741546411,149.7755065185798,245.61867437281754
82,0.8534155587803077,0.594754341665286,0.10420110395187607,0.2811914239693758,0.7589285897867651,1.0225704320096403,2.439752406339273,0.5639091200523596,-0.7539645888666763,-0.28067507686677406,1.3842728185105182,-0.06259312789952241,413.19583544312104,216.77005487118757,271.43537865972326,594.5910541313193
83,-0.6500239344068982,-1.496529255090079,-0.9218598131253132,-1.44964521969853,-0.08343796979036086,0.8901984111247868,1.0352493347237526,-0.92951086019241,0.20726732939894396,0.06934433703625043,-1.8461878622380938,-1.0039573720814985,-274.6875886908935,-249.23498073643677,-160.0925153704111,-283.7603495230787
84,-0.30246968648812833,-0.6134026635409398,0.1605739810498646,0.1704162223754877,-0.38817681854122876,-0.213442870930208,1.490726136849952,-0.33708597111803934,0.43693816974634986,1.1906462747863413,0.14866745720211155,0.0030460201534144695,-31.854069296246852,-49.248914922967934,21.838619038372446,-37.80266544805813
85,-0.20358036010236177,-0.3791277409874871,-0.6492775450660071,-1.0147567306928669,-0.5816809139486437,1.6777008140764407,-0.5535882417079946,1.628396623128538,0.03408346825922607,-0.7699732310586418,0.5689830791852754,-1.2239402667622565,17.440472036518837,0.3058246922261244,16.429916647567016,191.52701306482913
86,-0.9571509148950429,-0.9637589262106109,0.03279699541158651,-0.04865235157045115,0.34378788154988543,-0.35976864578908574,-1.3260476860820383,0.26028050658288615,-0.23040071420576733,-0.9242331442683044,-0.413465161123276,-0.7584953347000695,-180.2857636945905,-17.65507083971636,-131.82774501390404,-294.7214126896418
87,0.4363236696740321,1.7275431701007113,0.6135179727304166,0.1200313267182613,0.03800347816820029,0.5228354880354996,-0.573700003938579,2.1422703586118637,-0.2573765374233451,-1.6685840738775894,-0.02435459226098284,-1.0227925651984056,173.25268700318512,205.8878637451504,236.601500586002,335.555533363712
88,0.1713682811899705,0.7384665799954104,-1.4785219903674274,-0.3011036955892888,-0.11564828238824053,0.2088635950047554,-1.9596701238797756,0.19686123586912352,-0.4606387709597875,1.0571222262189157,-1.3281860488984305,-0.7198442083947086,-117.14409557097835,-47.49754883780764,-71.75442181295429,-145.61695871823096
89,0.08614388304637476,-0.8275902206487197,0.4365598041576678,-2.9213504834946074,-1.072139011985607,0.42881650033057295,0.6931056072631441,-0.3670278390833223,-2.3629324355418384,-1.0097307047099375,0.1764415552772252,0.9039348410861953,-252.81044527192114,-325.2888211590767,-169.99653980907027,-52.371708670147996
90,1.7522704434236227,-1.1105758454658288,0.7216720640432351,1.2715550949941588,0.9356783931474612,-0.34268759408034877,-0.37144086599579146,-0.7778166875908753,-0.5245202662797737,0.48937456122791806,-1.4075116947178212,-1.1290517712172292,146.69120149334515,61.2727276998781,-50.317619365403566,-112.74985542109391
91,2.2105230015913513,0.9638791167949097,-0.08828204835125482,-1.3698029795790778,-0.5574917850078336,-0.1852876588777083,-0.12982069973342616,-0.14700200162848862,-0.8036745679697308,1.6391168054440675,0.0438114719791096,2.5797093376543185,86.44352909598737,-104.23473432428545,5.129167244463281,226.9867390745161
92,2.1904556258099785,0.5868570938002703,0.09965136508764122,-0.5662977296027719,-0.9905363251306883,0.7910319470430469,-0.9093874547947389,-1.4018510627922809,-1.5506634310661327,0.06856297480602733,1.4027943109360992,-0.5034756541161992,189.5939472266351,-146.41160216782706,-119.63265151203225,267.09802897376215
93,-0.7076694656187807,1.2669111491866227,-0.926930471578083,0.7746340534293368,0.44381942814622843,2.1221561970126332,1.0324652605511468,-0.48423407286625136,-3.2412673400690726,-1.0243876413342898,-1.5193699659540134,-0.05952535606180008,107.76116956092052,71.20170484481092,146.74856084737567,160.27752811211568
94,1.3748764191481848,-0.18289644110484016,-0.4827435221820324,-0.7991920066502536,-0.6459641791245353,0.6191542610051978,2.0574954697116987,-0.7280029412291344,0.12267031599479553,1.6246784584695606,0.020793707675407894,-0.9533286082587124,102.45446402704275,-126.73967852234088,41.16888389033511,219.68382271103522
95,3.852731490654721,0.5150476863060479,0.9540017634932023,1.135565640180599,0.570890510693167,-1.377669367957091,-0.9378250399151228,0.5137859509122088,-0.3152692446403456,0.7589692204932674,0.5150352672086598,0.651391251305798,437.78330326613326,211.67179156086502,118.84156132478363,335.3634916661093
96,-0.9943493746085122,-0.22859991534001858,2.412615421612916,-0.19102776260016902,-2.5623336587953105,0.04091917539572113,-1.0021874557814727,-0.5132135664715852,-0.01926037973439464,-0.2628908292082677,0.7408243454201259,0.7846042878980238,-295.5675149741082,-279.76913729973865,-183.64812005557178,-283.0157934765996
97,0.8724573282801447,-1.2803043986708944,1.8466369960476658,-0.09917586377938291,0.650201177958661,-1.0212328171307132,0.7083564472993533,-0.5640786307367284,-1.5255251709247388,-0.6919080698812444,0.24380071377119883,-1.0700847663261526,44.54442762448438,-7.7551382157373485,-58.66049779082278,-54.2781449097202
98,-0.19090379172729868,1.804348109786743,-0.9564363768180087,-1.2932729578711637,0.7197579421481819,0.42588720619303577,0.01914777741575206,0.487872284871074,1.484116028535965,0.35561334878566,-0.6414869090443096,0.47240627788037737,-2.3608760524609127,41.773273971850784,104.55514598320937,188.10955369818547
99,1.3686315575323487,0.6453759495851475,1.0584244868495878,0.6860514599984393,-0.9649234605801045,2.060747924881987,1.7553408424432044,0.9715709509543554,-1.183258512665775,-2.0392321777601006,-0.2489641484790735,-1.7587394864231143,311.60870051140387,84.49535263924669,257.2177383256823,470.3310301562168
100,0.5514853760404675,0.12320480678448567,-0.622649361734452,1.695051040430753,0.043602446372453724,-0.24606248812994858,-0.8432465953161917,-0.1758858124323366,-0.7424705856980482,-1.3200225112207058,2.1709427174978138,0.1946074552372427,274.5760009431405,164.81650342277783,24.44722082075551,190.71328492386291
101,-1.6135613978767411,-1.3719011429313563,-0.6690727386599166,-0.20932367715186612,1.4711703274936085,-0.4432822511915103,-0.8848027140269009,1.7117084801423434,-0.6056155397368641,1.8260097135469362,-0.172946059923423,1.0399046873960764,-123.3413310681134,160.91970678439523,-21.370611049491153,-194.76670608452514
102,0.5885532697707198,-0.42924442029866183,2.0243096232868525,0.46217266608194285,-1.5981243518837476,-2.211861911329507,1.5334337012963255,-0.2666523292344148,0.18970616761039566,-0.6619821777966091,-1.423957152450145,-1.3631740045928105,-229.97685573160817,-174.09625039150754,24.08566930302108,-343.25524608145633
103,1.4015985929464294,0.4183982208886837,1.0519476177229186,-1.503080301759818,0.6504500925361392,0.08531814256502405,-0.8082657216409264,0.5225141052657575,-0.3839712719523516,0.2502002062516945,-0.8304444065565653,-0.9980606273144129,28.68300580336509,-12.273183733496893,-13.567450027553697,114.00150051222262
104,0.3142473325952739,-1.0128311203344238,1.465648768921554,-1.4123037013352915,-0.9080240755212109,0.24196227156603412,-1.913280244657798,-0.5622875292409727,0.06752820468792384,-1.4247481862134568,-1.7249178325130328,-0.22577630048653566,-336.0862289019599,-300.24897869533976,-286.835765548604,-410.61902876605257
105,-0.45209033283308037,0.8823330623234091,-0.4367197360405955,0.2658782296520485,-0.4700421477595015,-0.31305803052315434,-0.0007085945766459172,0.6045153263553668,2.0997217891665154,-0.24702570074599667,-1.2504077339697175,-0.06613261462582246,-116.01163567735887,0.7243237510327526,85.48062705274718,-107.12147177084688
106,1.0490092258368893,-0.5227230205190395,-1.5566291735239037,-1.4084612963635597,-0.7043436905427592,0.326133022242118,-1.251113576385303,-0.18490213644298903,-1.280429352496283,1.7547941819843647,0.924027019206901,0.6060099513456396,-29.896660884264964,-157.84472000873382,-170.9104399494517,41.1707093401758
107,0.10643022769189683,-0.7128457826771644,-2.650969808393012,1.5039929885826886,-0.2549772174208553,-0.5736620068802363,-0.5468589412403921,-0.543424771133765,1.246085192497629,-2.0733902324081495,-0.03275327021599839,1.0915068519224618,7.797369669565412,14.512638455299427,-60.28237300753097,-189.34551409707504
108,-0.11806852699107874,1.3171150673398653,1.2969945465611092,-0.6078219870944325,-2.1218548990085946,0.1684609762696143,1.3175975356079597,1.1398785611290454,-0.9993022322949108,-0.5047749212282174,-1.0065425652796411,-0.022868062298882122,-156.19945338019565,-130.66992928843845,168.31721485799957,47.90757868000334
109,-0.42064532276535904,-1.4153707420504142,-0.16128571166600914,-0.8022772692216189,-0.3427145165267695,0.29612027706457605,0.26105527217988933,-0.23458713337514692,1.8861859012105302,0.17457781283183896,0.00511345664246089,0.4040508568145384,-145.5230395389112,-138.6893562226328,-129.48695210064534,-153.05933052723938
110,-1.3801014582148914,1.6286155455712918,0.3840654489393073,-0.05554769889661878,-1.7033824393551547,-0.26940683444455776,0.7175422557959623,0.07409478041977519,-2.0674421000398766,-0.08912003951278841,1.502357052096028,-0.03269474809409311,-104.69602463732511,-74.93575073610886,87.63961947104593,79.11367635649007
111,0.05088770185601806,0.16476084123651674,-0.22320225463480511,0.24395319790850026,0.1733416643704082,0.1018562952619867,1.5490201514951873,-1.46752526575244,-1.6009039784765156,-0.828497024780246,-1.2391070756539009,1.4898634386020821,-25.131564296705623,-80.39405042960603,12.095565030985915,-73.16228515649492
112,2.2524358053443088,-0.6881503451777238,-2.499405714873573,-0.32483138350862245,0.9817654869915943,-0.6389617476895022,-1.3230897934074983,1.0098170893426341,-1.389572466763596,-1.6453987469568918,1.642015160136369,2.2909425725907417,295.1649680685669,164.8703480688928,-9.869280208597123,287.13239551859806
113,0.6283455092642799,0.6241198170521551,0.07580455819372633,-0.8972543714858315,-0.012246772846914623,-1.006017381499702,-1.2141886127877322,0.7916626939629359,0.9751197334177512,-0.14705738150213865,1.1581108735000678,-0.6771617115121117,13.347338690554217,27.03314142364516,-12.487419345763039,99.92984347751091
114,0.39913611435207086,-0.5449190868089497,0.11422764866203965,1.1033018820165215,-0.037634702424848364,-2.081929407883722,1.6964563682900382,-0.09671311187039239,-0.36361221221385587,-0.056945623721067457,0.2110174672026184,0.1503017614618776,31.340777263955854,59.86505227563131,97.25468467700813,-87.81657465814021
115,-0.20922187374452778,-0.5621680265783021,0.9648516330974576,-0.8058700664961888,-1.6834381922209503,-0.30803428418574125,0.7796605322693398,1.395683810789956,-1.234348871879922,-0.5924642591528942,1.3103087461196083,1.6155828235482317,-93.3169039239937,-86.71399533184231,41.13803315519996,62.28873803972103
116,-0.014452270878279104,-0.47383934707091613,-0.4363858905265686,0.0064222698109378164,0.5462842480036996,-0.02640575695892703,0.2801611588196068,0.4240610444640897,-0.08836295920533532,-0.3700110298821277,-0.8096035199216461,-0.10960980392583083,-10.637776961841224,45.06945115900907,28.113362327733803,-47.59563413510048
117,-2.8485426206300755,0.7716987106483447,-0.36244094140313216,-1.7397137787780996,1.1487657003721035,-0.025554070991445278,1.1727290192593647,-0.37061433208610595,-1.2946814757209058,1.1608267873785194,0.5436001545944323,-1.1196698946261439,-223.62580393938632,-26.050232675153904,-1.0193244117076166,-36.897752891510734
118,0.39331783939437187,2.319329539981694,0.1335409047822823,-0.3091164642025014,0.1920491164900316,-1.092312764672579,-0.3164084496948019,0.14171691363990474,0.7081086766885905,0.9567023167945841,1.2130976999791834,-0.1524698363805439,109.16493312756539,93.67333115528442,120.62039945641014,250.89561662563764
119,1.321304032273012,-0.649373038321426,-1.8665399513606162,-0.6004235657387051,1.4196030045136372,-0.3583401520212222,-0.6475418056351592,-0.181224173218103,-0.684629825760004,0.7906255991627686,0.7441919714999368,1.0075136898369221,170.06648904064414,79.83207325800159,-67.27442172336268,137.35966902968332
120,-0.8818746512277178,-0.026521259249060063,-0.6751782749743815,-0.7449026448064491,-0.16306696394376388,1.188913371474643,0.7083038472010638,1.0701502383164274,-0.7924199209999613,-0.3079615296390403,0.3514482075415829,-0.14451867071551783,-6.093081787725471,22.297125203716142,78.62123947747857,160.14526776218287
121,1.4401172154494728,-0.08973569428722672,-0.04015795064434341,1.8009404329108156,-0.6763923020592697,0.6427227598675439,1.3291525301324314,0.7090037575885123,0.12810441491078928,-0.6810516574748808,0.19652116970147013,-1.4307751021180481,318.8297676840773,145.94833898829202,211.6110640987187,297.56671901552755
122,0.40429475496169764,0.4367385517335095,0.6802161054504494,-1.0710536796490489,1.235782191822154,0.8868873900973003,-0.42076179368105326,0.19894814679649453,-1.7785875840065168,0.31965182591897723,-2.6042138566271342,1.192507512477975,-55.000373756107145,-0.8376987387309767,5.308893549439948,-34.05002059741731
123,1.0800480657146485,1.8732977762175456,0.0678555105274033,1.281016361735113,-0.4473218956587512,0.11327041053776446,-1.4382779783173667,-0.668144085538994,0.48473281729447476,-0.8463566549908735,0.9192289345752035,0.8527736751222195,224.66687431147525,76.89016423661253,40.77683476716187,208.998167261909
124,1.876795812558066,0.41343490322370086,-1.7787202489042786,-1.244654703311417,-0.773789199103573,0.7569886166453519,-0.9221653241776254,1.355637858804951,0.6543656563540577,-0.05558467091045507,0.8696059201056602,1.496044311489183,155.04520114116335,-9.655850353678714,34.87480886308781,346.85637909621596
125,0.5132674331133561,-0.5297602037670388,-0.7020530938773524,0.9686449905328892,0.09707754934804039,-0.8084936028931876,-0.5017570435845365,0.32875110965968446,-0.39210815313215763,-1.4635149481321186,0.9154021177020741,-0.3276621465977682,110.9737586442873,101.38399506979862,6.232678046891163,9.981090943773829
126,-0.7191533192424201,-2.151815401329305,-0.13125696709230472,-0.987179527151184,-0.21113023882769444,1.6122206282554243,0.8968393158655319,-0.8911922254152874,-0.22485598180807856,-0.6500025808234597,-0.2685306479058323,0.07685188295876821,-135.97401011307778,-198.49286657757756,-181.78147248821037,-139.18959903766338
127,0.43004164719106963,0.38193545223155334,-0.2590421458207031,0.23878915902651351,1.0302834540318422,-0.3486521344078592,-0.3492577043184288,2.076747983560841,-0.07160125941406395,-0.03722223650984159,-0.3216350512173826,-0.19634984908497827,145.10792009032676,248.01586556779642,182.8143412760398,175.30437267719054
128,-0.5830774385689385,0.8604734883597454,-0.24869112618354708,0.28257995048829965,-0.1671217137864115,-0.221253623585772,-0.27681329988892067,0.8157372125392968,0.49097495163825133,0.7348777860498175,0.30740669780910074,1.6073455760199926,-1.9567042025363728,80.7282017576312,90.39945612488454,51.16676897977685
129,0.9725544496267299,0.632407739055521,-0.7271371758248686,-1.5702247198904564,0.6218099622171964,-0.6269670577877674,1.8124485579969287,-0.5624667758942676,-0.07443342910004629,0.620672097550678,0.7077519354554754,-0.24751863555150475,95.38985413181454,-31.68165454524751,66.52462730914603,268.1429244225218
130,0.27899416222380197,-0.6734906242438685,-1.1875984190295128,2.1451491277733883,-0.8353470532597573,-0.7184072655691974,0.8949243769444413,1.2477420726737338,0.6337768809320985,0.41379909745149823,-0.2949496782920278,0.3098207102270275,89.63483895136967,136.0028125696598,170.59846776690364,-42.64350893563967
131,-0.2813275571182134,0.7368438970924334,-1.5625458568865427,0.5159392177040995,0.06699071722487192,-0.021367294348436157,-0.7472116791478234,0.8840453963610497,0.7942646796218271,-1.2542894231692494,-2.4242402602729416,-0.5290526773462948,-121.0059842620668,45.89629785970723,75.98194660156345,-186.67792869995787
132,0.1866091231563581,0.6078965097165392,1.073631749859772,0.19408999289830758,-0.44643361455052827,0.24938368371075526,1.5774532797634744,0.27902152577033923,0.132969674146876,-0.7001208149391732,-0.0952955323869521,-1.0265152994110602,80.18591077351353,24.993870189700143,154.0508166685969,174.27526129075252
133,0.6012067489291149,0.0005279588565972928,-0.5505368494915835,-2.296180953137238,-1.4438548161335418,0.6157711497711416,1.2038844371688162,-0.4501892648514116,-0.5081401976473109,-0.14778031881747153,-0.13944627568099954,-1.2207124259141586,-157.78202183023774,-295.61486798035594,-68.8864338008876,61.2174369796092
134,-1.867265192591748,2.3146585666735087,-0.47193186578943347,-1.6127158711896517,0.6862601903745135,-0.7728252145375718,-0.23681860674000887,0.08187413938632256,0.06428001909546277,-1.0777447779293061,-0.48536354782910346,1.088950596967366,-249.9942291766593,-21.685565252740197,42.5360641894189,-68.23631893752697
135,-1.1388331177807691,0.6222071440434019,0.6704806172412126,-0.07576428653545988,1.0391117874202687,-0.4532484090230134,1.4524675344707454,0.30047435961082836,-1.5537587660160643,0.8178896580250287,0.32674476460232005,-1.0718572330401555,27.423269083175818,130.3404354165842,142.82803170478596,104.55988233516081
136,-1.0592135218889516,-0.5138669173366935,-0.9857260463355437,0.9551423205012383,-0.06267909727317188,-1.3044695005048532,0.6696725488300385,-0.9398797863273552,-0.5302576183724408,-0.7928728322623442,0.36659824609684827,0.5040465155178444,-112.64705981404829,-23.33428301356782,-45.00167797704413,-251.08831583393436
137,-0.6777449705248515,-1.0003313246055747,0.3506300992735592,0.17958178193959795,0.513907849658915,0.8712972974572442,-1.3459796802467485,1.9389289990582848,0.6347214685617699,1.1096998419562232,0.12637957954641182,0.4891871301476635,24.398970887560818,152.06628001859235,10.61992756777186,9.232999846083962
138,0.8876554258738361,0.5345056484805503,0.23007075919140207,1.7952113559123222,-0.3206676255571917,1.9956674897839644,3.109918556005361,-0.18319661872038787,0.6659242520544614,0.4215866106144557,0.6067230591361827,0.49774308909139425,450.68442129465376,165.50468821243086,301.816779189141,545.2717672473558
139,-0.35151348404130867,-1.8707919210258557,0.32692737376416264,1.6764373122752827,0.0184183791895517,1.2012139221639448,-0.4080753730215514,-1.008086310917404,0.8294055811834892,-2.211135309007885,-2.038124535177854,-0.21910052880886424,-70.00670051536041,-55.95566859436301,-138.13690605081425,-360.91358149015247
140,1.1870303055603801,1.1055259329579838,1.633431532301096,-1.1430049127304835,0.6387302220291846,2.403415585238275,-0.05761879703358539,1.050654396007612,0.30263546523903323,-0.7542758500193579,0.2010990467149675,-1.146345393018688,296.64472758896756,115.5794099891196,140.00373711209048,552.2336320373129
141,-2.4238793266289567,-0.4523063192490767,0.7858001586508322,0.7604146561442974,-1.5839028234857233,0.8406435489887241,-0.6526239793023909,-1.889540730945531,-0.966976143129213,-0.047711356141979855,-0.4461834332147797,0.42545756178496474,-351.97418253021,-265.2793197053088,-232.5560930649204,-479.10477197681274
142,0.714000494092092,-0.2234627853258509,-0.846793718068405,-0.07282891265687277,0.47323762457354485,0.6256673477650062,-0.8571575564162826,0.4824724152431853,-0.4465149520670211,0.8563987943234723,-1.0708924980611123,-1.5148472246858646,45.29592057768111,39.24238003268765,-9.827866431904114,7.954177406617978
143,1.1692955904456728,1.066674689589154,-0.16711808031685435,0.6487098875896427,1.3821589910375272,0.5906548306923093,1.1087035805829077,0.5072740311072977,1.2065089665083568,-0.8169356709872361,0.820482181197364,0.14671368643332283,425.9133715863867,278.45123317574865,244.30603336483642,520.5265337513562
144,0.44426331148603976,0.7109599682034915,-1.0810633275998973,1.159329803364248,-0.3609661658190799,-1.2221278088919454,0.7129984301723881,-0.3748208075495975,0.5931012579683838,-0.3095464393139903,-0.24032539815813503,0.6159356069442637,41.44053677235451,36.34443814643535,95.99957441006127,-33.74412311797364
145,0.9826909839455139,0.25602973431387566,-1.8408742313316453,1.0143700650181304,1.6654744444625766,0.40825275571447184,-1.7025836042378404,0.472597482413043,-0.6248185776956788,0.026091050210833786,1.0291556373256436,-1.2795769667357015,347.4613851348063,280.33321330401253,41.710233395186165,275.24013524083875
146,-0.18398333635267913,0.17086543812794186,-0.5397596803093615,0.34758170536167105,0.01843393306539316,0.3078017688920592,-1.7101683926566256,0.743264094022715,0.19584525509768155,-0.978372777615032,-1.348185422105713,-0.7783047254023127,-87.38793013128988,28.771049223682144,-27.712539738149506,-163.09651390538198
147,1.3668742674445247,-1.5151910621985523,0.5765569630557664,-0.24903603955637832,1.6449677135012837,-0.5305011476105275,-0.57581824064468,-2.301921164735585,3.0788808084552377,1.1195749114345768,-0.275051697151644,0.3112501545435361,60.95950770581895,-70.64388867649471,-247.807120004131,-159.16963293609456
148,-0.5993750229537729,-1.594427658794367,-0.45006547147924364,0.046980593764742055,0.005243699718183166,-1.7131345290908775,1.3538723741654128,1.2378163119734618,-1.0676204293825944,-0.1423794850212935,-0.11453984525261789,0.6228499323474987,-142.48927109090704,33.98005012857732,52.89907322558482,-208.44044642636564
149,-0.9193845915864234,2.0740826697499735,1.100959634998571,-0.2860042218801108,-2.5302875227463297,-1.9792998103757877,0.7479102561175338,0.23924686411114954,-1.2295495944524168,0.4966992232365217,-1.0727430257398065,1.9583474542205939,-389.36771955964065,-217.24593435828896,91.90925114277036,-286.93758464487775
150,1.40934744018558,-0.5172884501003722,-0.4455025214007718,-0.36283856043965906,2.2988981236192503,0.26705026586925884,0.889630795623437,1.0654803750653512,1.5795721457307124,-0.5228600271532683,0.08228398927542419,1.453384477117701,335.75960470090007,263.6923804780768,153.4035782665521,376.6905784990188
151,0.5578103063518622,1.3902075490173134,-1.0651136630753726,-1.3118362323501596,0.010352619843380607,1.085895565831578,0.4746982328799528,0.8177662992002871,-0.6095122021592831,-0.186971302985446,-0.025026958745143917,-0.30522470435466764,103.65009446311727,22.633624747235302,132.78387936967198,352.08071242341606
152,-1.4066610968482223,-0.6115178029919482,-0.9758732529773327,-1.3516846056163336,-0.9232332461109043,0.517659020469123,-0.7257438131534656,-0.7553829323533225,-0.949398888831943,2.632382064837391,0.18676676447707832,1.0536417966078395,-312.2475241065409,-253.6944619622639,-224.8626056071996,-266.24973134342406
153,-0.4325581878196209,-0.48760622407249354,0.2897748568964129,-0.42098448082026296,0.39445214237829684,1.1677820616598074,0.2544208433012131,-0.4118769661224674,0.8711247034316923,-0.32602353216784113,0.3376026620752022,2.075400798645439,32.94195468073307,-19.086140567343584,-49.556435199798216,73.85944414054467
154,0.8743891807127275,-0.47622087354465903,0.8508979621679722,0.19358991136754436,0.26256132900192497,-0.6581164890752567,-0.30372602877666466,-0.8192578597214978,0.3904648499288896,-0.10322175293249623,-1.345870923473215,-0.13737178839939665,-55.79885096778447,-66.53490341619778,-84.7961466008035,-204.323320685895
155,-1.5841359430054898,-1.803139676255945,-1.5811907020321334,0.5087250232299338,0.2671266510114834,1.9011906857530074,-0.060660813814620775,-1.5137143926128271,-0.4830610516834395,0.14679301198554937,-0.7084067669104628,0.8950383140761154,-122.01253158065002,-114.67048251143821,-203.4163393391607,-272.94849535044887
156,-0.22476540189268354,-1.366878698415421,0.541462728204788,-1.8019804375800197,-1.1701130260593595,0.9495541354413237,-1.4848979684499035,0.9343199112392737,-0.5765104007267194,-2.59104229214491,-2.553921134901955,0.7591551603026468,-405.5844825248455,-276.8023322796213,-202.0447102731212,-402.8732894417006
157,0.03526355197172861,1.9647251329163893,-0.11232804969082982,0.213979910734222,-0.6997255079925856,-0.10703035995455783,-1.035242322419374,-1.1978778925888485,0.6141667000434252,0.7575077100473051,-0.553649305347182,-0.22096959953322298,-74.91394742952619,-99.7353456846714,-35.78056276996109,-68.53532771642243
158,-1.4222537095976742,-0.7563507452843033,1.6871416350725648,-1.081548003614395,-0.6465728842425266,-0.12791759148076653,-0.9555404406004258,0.2034636358672231,-0.007972641316617372,1.4799441388900259,-1.6064463202575725,0.8816397569494505,-416.9732894548199,-205.2003286426117,-170.7285655896827,-453.90505899573134
159,-0.651356893791829,0.3996879517526416,1.2382830714336357,0.5863640187550933,-0.5286166817497568,0.6628812686674127,1.173473857485325,-1.2968319479558466,0.3088330125989638,1.702214944635238,0.18102155870370695,0.02127157673606165,7.121199646985542,-69.7821204756058,10.96638959187633,17.535448062123745
160,-0.8309501164110378,0.04852162794482699,-0.23894804686640975,-0.05023810944913695,0.2704568257798388,-0.6506425691218269,-0.48712538376469605,-0.863990769679816,-0.5767713305683327,0.755391225825756,-0.5923939242388692,-0.9075636620415979,-174.60382140884727,-70.76263309461484,-102.58173096883873,-260.6402753442208
161,0.1537251059455279,-0.883857436201133,0.3577873603482833,-1.142970297830623,0.058208718445999896,0.21409374413020396,-1.245738778711988,0.3853173797288368,1.083051243175277,1.053802052034903,0.173180925851182,0.5607845263682344,-92.16673453083372,-74.06967879197433,-141.43402262185222,-77.47096612665706
162,-1.9982006845321076,0.07863519031609059,0.9980101098596522,0.3464884758979927,0.9163276747024814,0.7276295436369798,0.05194588580729943,-0.08071658010858232,2.0883747047807275,-0.13958962815517376,0.7326400772155792,-2.8962553781936893,-3.977736305572509,105.65972115023648,10.486558576112062,10.653915795301659
163,0.9528745472029388,-0.13744851462769186,1.639964529371393,1.3149144535840473,1.6122782579886454,-0.6540756831274238,-1.830632896856457,1.3736585451629577,0.0754336389015928,-1.6019658118971685,0.5112025995249807,0.7421274910718922,270.56521492840625,322.8008510109086,76.109302266751,131.60519705262865
164,-1.881849045497639,-0.12853751143893075,0.15985639199740037,0.09284490114111471,-0.5487249077409615,-1.1437262073206618,0.10855970577652314,-0.2081168572725397,1.2657078408647007,-0.8661748482145009,-0.0332299906444608,-1.0276751409259581,-289.27750573179424,-88.31474614195231,-61.04602121894307,-338.9655292277444
165,0.9191541736100015,-1.19363683175648,1.3924653000643288,-0.6706202090766449,1.0005823180429783,0.9694572005267368,0.42719436187168486,1.775310892609512,0.28869362927985703,0.2603218387712207,-0.646227309843803,-0.2500465145989528,150.19952238754342,134.24776577037994,93.18546656292821,206.02753946221532
166,0.4620608932518965,-0.46440426230938764,-0.5975101946916416,-0.2515388860444957,0.7833905092825955,-1.7258067287905967,-0.6775646523356551,-0.9811655311396816,1.7388996637975789,0.9788580507817954,1.1941094030473725,1.4223698616985077,-2.2212838294955746,-9.552836286378573,-136.15561983951267,-101.997533201903
167,0.4446026682201407,-1.1958830620351844,-0.1340171666729177,-0.6097829043193822,1.196631486645651,-0.5805234498047227,0.5885784044206096,0.3946715298229811,-0.78489831308224,0.648280433843859,1.6699045043514062,0.014688194729197093,150.70528475631224,108.76286317770808,-3.948475653758063,174.49981609686768
168,1.9140313538667861,-0.6237689606958051,0.8700677306887542,0.21743287317972287,-0.19068240076334658,1.1081828167375165,-1.0399059271255309,-1.0534155631736561,0.15041890514357642,0.3649610024662254,0.6127739050625697,0.49568188797260465,212.1780722104506,-54.56004093088973,-130.06580109156863,151.38760515600467
169,1.1647393544571714,-1.6151318159055095,0.20056919723094285,-0.810252437014381,-0.7345915767980492,0.2935579321666293,-1.356581804623405,-0.03564148229748357,-1.015821818978397,0.06167984984797165,0.46642998243352635,1.1486373494287152,-44.439819199980576,-151.58743858602327,-207.3138286401788,-88.09587118606551
170,0.3411519748166439,-0.0771017094141042,0.01300189187790702,0.8271832490360238,0.27669079933001905,-0.2453881160028705,-0.7537361643574896,-0.8158102849654383,-0.2646568332379561,2.720169166589619,-0.8895144296255233,1.4535340771573169,-7.1121902591676855,-5.552980829484044,-65.95643092165328,-162.87448230609778
171,-1.9754665663538713,0.06447441481012024,-1.2096947428411076,-0.14408755572161547,-0.9393353938187543,0.056649924897107164,0.5296927543567308,0.4865016438262019,1.5307508323436974,1.2187618516973167,-0.07049877805909122,0.5999287299962045,-237.49355453354644,-75.59931341770493,14.7828672287785,-175.16348021261751
172,-1.6624919880356743,1.3043402428781525,-1.0909664302151982,1.1267051368275833,1.0325462043416573,-0.1343087414705478,0.8108082731597821,-1.7485319732381808,-1.1057046684859357,-0.21492103028873533,0.793488720552213,-0.4108142879545848,62.054353181048086,94.99882516142924,44.32396329717298,26.010846428726065
173,0.018849622944847662,-0.09858813228426173,0.9531366339132451,0.23321613126350166,0.7082144232565571,0.16865467196672768,0.44194064956940904,1.41093237974627,-0.6124373746404379,0.36150352520610163,-1.090399077442846,0.2871241652018242,55.21937373456441,147.51549815840215,144.07103450287127,59.66533627314864
174,0.6308116845547775,1.513449743242131,1.221033695525353,1.8540925663341883,-1.024186824329205,-0.7168223206028049,-1.86653661707306,-0.12174750838328353,-0.22648409884983192,-0.9594392367234797,-0.08268068584269925,0.5820977034686158,54.463915583773876,50.22964240634894,29.18274824431923,-66.663096556576
175,-0.6891878180895679,2.0752608726252655,-0.6514180036144483,0.1979107834626478,1.7359638031652493,1.0495527153193351,-0.535235211560568,0.19759960469239965,-0.32034730819432017,0.4241659464019164,1.3173940656343257,-0.48388583405432156,279.25900336892454,267.44261401330374,148.43878867982485,422.5961062606538
176,-0.05139372358848624,1.1260502507721681,-0.9057323008626189,1.2619215007139917,-1.7730324682068814,0.6215718898560508,-0.36961033604363397,-0.029262813684978354,-0.5956612940434921,1.3744380931708173,0.37710039390218647,-0.6537663386488198,38.5107286822344,-31.262945673511517,63.141630080028015,61.12600462303749
177,0.7181857257079345,0.7153813154412441,0.6728612359668199,0.019616657693989903,0.4384757388097273,0.02246589281204638,0.54711911517521,1.114321694668872,-0.3540407109410238,-0.573601772896901,-1.1808128153088449,0.591814133741378,93.0513081523017,116.01701614061814,173.46293901203853,145.8855597952605
178,1.669021525289393,-0.3357846992901282,-0.24574306408594432,-1.5031429531181062,-0.2595913513636048,0.8231705839619146,0.07331796718840389,-1.295078772063616,-2.6968866429415717,-0.05429486651781221,-1.2899608997410539,-0.2727235697476705,-41.28407342169729,-231.61219133604908,-143.68821917330774,-9.564092548601245
179,-0.31026675659345604,0.6819529712949639,0.09699596499271819,-0.13014305436768459,0.3241663524884421,0.8254163489880298,0.8135096360006385,0.02100384163275905,-0.8182206832334725,2.0923872756854602,1.305478807154329,0.5951570254369136,165.91395674955638,85.14652151450039,95.63971785024725,305.12724507992385
180,0.5792914996010884,-0.015309849172995557,1.1965715016644913,-0.9730689408815555,0.11958036841415326,-0.5462444482524828,0.3918040054025465,0.18335991977915564,-0.02730453950993186,-0.933267959073196,-1.4789115687741288,-0.15852957302697002,-117.68690713559911,-77.6492354846739,0.8253009172414559,-100.13817113503765
181,-0.5308687729203206,2.5269324258736217,0.6818914896263114,1.044160877069072,-0.48943944251822213,-0.5176112990361714,0.2237879516388985,1.188393273448084,0.5839281853259639,-0.35929209078705954,-0.016422896072752075,1.8467073257360336,70.13075521484481,168.65456651469452,268.9515363451163,177.16992419210158
182,-0.30317978283427544,-0.01941960588773261,-1.053682419146354,-1.616310608436588,0.7999419019420501,0.36728731340134063,1.8381836767951225,-0.3493167961181975,0.9503075919735757,1.7106133725819253,-0.22346598237185214,-1.067802921579193,-30.155759558513346,-52.869435816381255,32.25475174631666,120.90002018105753
183,0.513085420097293,0.9531250453760867,-0.6414815952229522,0.5161782871149584,0.7250957868479971,-0.971656734541286,-1.3796181647889305,0.8623934723827588,0.8004095252276823,0.7542913298135743,-0.6267172245899651,0.43192254467394064,49.32302313355246,151.76417408420463,70.6728762500841,-11.934891366656927
184,1.6426729532559634,-1.1894118928673278,-0.3286184757489846,0.638391925608383,-0.9006207346478687,0.3764095260975166,-0.9020515543575104,1.1254347844147694,-0.5441140021141926,-0.1627929060722942,-0.8696630812746944,0.6031874310823431,64.46873055644254,-3.534065379607117,-10.826947470071902,-35.476905096912546
185,1.356240028570823,0.812525822394198,0.36163602504763415,1.0035328978920242,-0.07201012158033385,-0.47917423784528995,-0.18565897666381712,-1.1962066240806708,0.36139560550841393,1.5380365664659692,-1.1063349740060282,-0.6451197546051243,82.6796589139312,-17.564642290050863,8.117918825154895,-41.08573095911894
186,0.18334200573835174,0.8723206367206782,-0.8397218421807761,-0.8082982853551515,2.1898029332176723,1.4511436077950417,0.9592708260852069,-0.7673475628880495,-2.123895724309807,-0.525755021680761,2.1531824575115563,-0.5993926454440222,385.7642391738739,189.6792702321464,83.81962157294419,579.1642798541674
187,0.5008444749444569,0.6380511014407572,-0.7877837519082389,-0.5426737997340217,-1.801057734152739,-1.1939250063990554,0.14294309476370676,2.2313001461926323,-0.1681438185847896,-0.47209057769712737,1.732514999485092,-0.620847598251116,-2.8055157719012564,15.956205049793837,147.07125989586982,194.53802790588236
188,-1.4137144969049802,0.169360824036078,-0.7355299425897666,-0.9039076414647897,-0.11122606134870032,0.5583269125217224,0.0760053914124115,-0.9206735930793662,1.091310120594269,0.609138120907177,0.5387559924463692,1.2360931752104374,-152.30864393102007,-124.51355529485582,-106.38348288807906,-73.12791454750185
189,-0.7968952554704768,-2.4716445001272893,0.37114587337130883,-0.2030453860429927,0.57707212718054,0.8356921120651418,-1.129706854657618,1.4415686206579004,0.08658978747289992,-0.15567723539207948,0.5298041779152828,-0.6039851867158206,-37.1309157063771,69.35395700620526,-115.34643790377051,-107.63894783972903
190,2.0102045387663496,0.6585442726728304,-1.3793192280145272,-0.7982972445384537,-0.1769472274940494,-0.6127886904843862,-0.38770155993598415,0.334456789987025,-0.033126972873797095,1.7945578635177877,0.28586539072490497,-0.7309300399419191,120.32819520224939,-8.807763289132474,30.523602629479566,200.8288668455813
191,1.0971527117536957,-2.1533429198712444,0.6934789119139937,-0.8627757640431206,-0.47883745600840416,0.6988284202025348,0.4209729443893898,-0.5260348426675804,1.0599363840466218,0.6170059495766975,0.49201884799279927,-0.3920126399191296,14.139597309483216,-160.86563213165925,-162.55612646376892,-4.177997196899235
192,2.589563642018614,1.1873860515647512,0.19438430157733602,0.32579631658216646,0.5796331732135757,-1.0623935281468797,0.4283070972076486,0.985729995679863,0.33848384346169114,-0.29540141013902943,-0.18714426500454878,-0.35316629281068834,309.04984104001994,190.3523280655077,223.10223292023258,349.7477245846232
193,1.772251596669744,-0.027514905050636255,-0.6022120603617805,-0.45709625658627184,1.66125921454787,0.5136001065697166,-0.5327008396619114,-2.8722622132816493,-0.9983854391882915,0.30179189981946597,-1.169916835710288,0.46877425607502377,124.46621515282528,-92.7832820696089,-191.95851298828705,-10.508084228058047
194,0.02688583899453078,-0.22096417382966393,-0.24717738252059693,-2.0417348684242906,0.20838280794755248,-0.0036025390905684044,-1.1583646891925428,0.8773622905756714,-1.0016200098949155,-0.2811002928859549,1.5033983017671506,-0.6819842479977986,-47.32081097778076,-37.34553517763232,-97.05095744453736,118.51941371375514
195,0.28555407485765694,-0.05489400061628639,0.5556044660034485,0.645215585950057,0.5211224283793383,-2.1356742139786955,3.1377485336599937,0.22323891412915967,-0.1973384203073261,-0.1512732836535117,1.0560568090660518,0.08958068125524882,147.3896516035717,147.21140455038466,227.22801065193028,161.8578479637249
196,0.42359906559346105,-0.955122579349353,0.02421945667275807,-1.0675329142542729,2.062524919243145,-0.643549832317462,1.0299608175811612,-0.4036484632419967,-0.07964139124571515,0.4523717962497339,-0.33477533210654087,1.4122205554154292,47.21545106768227,56.397508096894285,-24.497983745593658,22.919150274668443
197,-0.4152879139008013,0.3384964074944141,0.18186625505849516,2.270692857804396,0.6327818661062848,0.23561455810856594,0.7708651938869668,1.143754043206929,-0.4593608995402441,-0.8498443694647918,-1.4785862457798415,0.24822058630033608,147.03762221730096,261.7790946415415,245.84790432241584,28.33617606332995
198,-0.2990073504658674,0.08704706823817121,-0.21967188783751193,-1.9875689146008928,0.0917607765355023,-0.03582603910995154,1.5646436558140062,0.8219025043752238,1.477894044741516,-0.5182702182736474,-2.6197451040897444,0.3571125715117464,-263.1000376617855,-128.24168206392426,68.88726632682038,-126.87983590897159
199,-0.8946073022195039,1.2557561255735208,1.4469778843537329,-0.4397310582741749,-0.18687164416135904,-0.4344962274323156,-0.30917212346863937,-0.4787486216634773,1.0318445394686349,-1.485560373036972,0.22213377163371284,0.19655477651157463,-123.02219245859403,-54.454561788637115,-15.831863391145248,-55.801813203555504
